locationKey,state,femaRegion,region,designatedArea,fipsStateCode,fipsCountyCode,placeCode
1,PR,Region 2,2,Adjuntas (Municipio),72,1,99001
2,OR,Region 10,10,Washington (County),41,67,99067
3,OR,Region 10,10,Jefferson (County),41,31,99031
4,OR,Region 10,10,Deschutes (County),41,17,99017
5,PR,Region 2,2,Aguada (Municipio),72,3,99003
6,PR,Region 2,2,Aguadilla (Municipio),72,5,99005
7,CA,Region 9,9,Resighini Rancheria (Indian Reservation),6,0,60347
8,AL,Region 4,4,Autauga (County),1,1,99001
9,AL,Region 4,4,Barbour (County),1,5,99005
10,AL,Region 4,4,Blount (County),1,9,99009
11,PR,Region 2,2,Aguas Buenas (Municipio),72,7,99007
12,PR,Region 2,2,Aibonito (Municipio),72,9,99009
13,PR,Region 2,2,Anasco (Municipio),72,11,99011
14,PR,Region 2,2,Arecibo (Municipio),72,13,99013
15,AL,Region 4,4,Bullock (County),1,11,99011
16,AL,Region 4,4,Butler (County),1,13,99013
17,PR,Region 2,2,Arroyo (Municipio),72,15,99015
18,PR,Region 2,2,Barceloneta (Municipio),72,17,99017
19,PR,Region 2,2,Barranquitas (Municipio),72,19,99019
20,PR,Region 2,2,Bayamon (Municipio),72,21,99021
21,PR,Region 2,2,Cabo Rojo (Municipio),72,23,99023
22,OR,Region 10,10,Baker (County),41,1,99001
23,OR,Region 10,10,Malheur (County),41,45,99045
24,PR,Region 2,2,Caguas (Municipio),72,25,99025
25,OR,Region 10,10,Grant (County),41,23,99023
26,OR,Region 10,10,Morrow (County),41,49,99049
27,OR,Region 10,10,Umatilla (County),41,59,99059
28,OR,Region 10,10,Harney (County),41,25,99025
29,OR,Region 10,10,Gilliam (County),41,21,99021
30,OR,Region 10,10,Wheeler (County),41,69,99069
31,PR,Region 2,2,Camuy (Municipio),72,27,99027
32,MT,Region 8,8,Broadwater (County),30,7,99007
33,MT,Region 8,8,Lewis And Clark (County),30,49,99049
34,OR,Region 10,10,Wasco (County),41,65,99065
35,PR,Region 2,2,Canovanas (Municipio),72,29,99029
36,AL,Region 4,4,Chambers (County),1,17,99017
37,AL,Region 4,4,Cherokee (County),1,19,99019
38,AL,Region 4,4,Clay (County),1,27,99027
39,PR,Region 2,2,Carolina (Municipio),72,31,99031
40,PR,Region 2,2,Catano (Municipio),72,33,99033
41,PR,Region 2,2,Cayey (Municipio),72,35,99035
42,PR,Region 2,2,Ceiba (Municipio),72,37,99037
43,PR,Region 2,2,Ciales (Municipio),72,39,99039
44,PR,Region 2,2,Cidra (Municipio),72,41,99041
45,PR,Region 2,2,Coamo (Municipio),72,43,99043
46,PR,Region 2,2,Comerio (Municipio),72,45,99045
47,PR,Region 2,2,Corozal (Municipio),72,47,99047
48,PR,Region 2,2,Culebra (Municipio),72,49,99049
49,AL,Region 4,4,Cleburne (County),1,29,99029
50,PR,Region 2,2,Dorado (Municipio),72,51,99051
51,NM,Region 6,6,Lincoln (County),35,27,99027
52,OK,Region 6,6,Woodward (County),40,153,99153
53,OK,Region 6,6,Ellis (County),40,45,99045
54,TX,Region 6,6,Hemphill (County),48,211,99211
55,TX,Region 6,6,Hutchinson (County),48,233,99233
56,TX,Region 6,6,Roberts (County),48,393,99393
57,TX,Region 6,6,Moore (County),48,341,99341
58,LA,Region 6,6,Rapides (Parish),22,79,99079
59,LA,Region 6,6,Vernon (Parish),22,115,99115
60,LA,Region 6,6,Beauregard (Parish),22,11,99011
61,WA,Region 10,10,Spokane (County),53,63,99063
62,MT,Region 8,8,Sanders (County),30,89,99089
63,HI,Region 9,9,Hawaii (County),15,1,99001
64,HI,Region 9,9,Maui (County),15,9,99009
65,PR,Region 2,2,Fajardo (Municipio),72,53,99053
66,WA,Region 10,10,Okanogan (County),53,47,99047
67,PR,Region 2,2,Florida (Municipio),72,54,99054
68,WA,Region 10,10,Klickitat (County),53,39,99039
69,WA,Region 10,10,Grant (County),53,25,99025
70,WA,Region 10,10,Mason (County),53,45,99045
71,WA,Region 10,10,Skamania (County),53,59,99059
72,AZ,Region 9,9,Maricopa (County),4,13,99013
73,NM,Region 6,6,Mora (County),35,33,99033
74,NM,Region 6,6,San Miguel (County),35,47,99047
75,RI,Region 1,1,"Washington (County)(In (P)Msa 5520,6480)",44,9,99009
76,KS,Region 7,7,Washington (County),20,201,99201
77,NE,Region 7,7,Cass (County),31,25,99025
78,NM,Region 6,6,Torrance (County),35,57,99057
79,PR,Region 2,2,Guanica (Municipio),72,55,99055
80,OK,Region 6,6,Oklahoma (County),40,109,99109
81,OK,Region 6,6,Logan (County),40,83,99083
82,OR,Region 10,10,Lane (County),41,39,99039
83,WA,Region 10,10,Clark (County),53,11,99011
84,WA,Region 10,10,King (County),53,33,99033
85,WA,Region 10,10,Snohomish (County),53,61,99061
86,OR,Region 10,10,Clackamas (County),41,5,99005
87,CA,Region 9,9,El Dorado (County),6,17,99017
88,CA,Region 9,9,Placer (County),6,61,99061
89,ID,Region 10,10,Blaine (County),16,13,99013
90,CA,Region 9,9,Riverside (County),6,65,99065
91,CA,Region 9,9,Siskiyou (County),6,93,99093
92,ID,Region 10,10,Adams (County),16,3,99003
93,ID,Region 10,10,Gem (County),16,45,99045
94,ID,Region 10,10,Valley (County),16,85,99085
95,NV,Region 9,9,Washoe (County),32,31,99031
96,WA,Region 10,10,Adams (County),53,1,99001
97,CA,Region 9,9,Mariposa (County),6,43,99043
98,PR,Region 2,2,Guayama (Municipio),72,57,99057
99,PR,Region 2,2,Guayanilla (Municipio),72,59,99059
100,AK,Region 10,10,Denali (Borough),2,68,99068
101,AK,Region 10,10,Yukon-Koyukuk (Census Area),2,290,99290
102,PR,Region 2,2,Guaynabo (Municipio),72,61,99061
103,PR,Region 2,2,Gurabo (Municipio),72,63,99063
104,CA,Region 9,9,Orange (County),6,59,99059
105,NM,Region 6,6,Colfax (County),35,7,99007
106,NE,Region 7,7,Frontier (County),31,63,99063
107,NE,Region 7,7,Furnas (County),31,65,99065
108,NE,Region 7,7,Red Willow (County),31,145,99145
109,PR,Region 2,2,Hatillo (Municipio),72,65,99065
110,AZ,Region 9,9,Coconino (County),4,5,99005
111,NM,Region 6,6,Valencia (County),35,61,99061
112,PR,Region 2,2,Hormigueros (Municipio),72,67,99067
113,PR,Region 2,2,Humacao (Municipio),72,69,99069
114,TX,Region 6,6,Eastland (County),48,133,99133
115,FL,Region 4,4,Bay (County),12,5,99005
116,FL,Region 4,4,Calhoun (County),12,13,99013
117,KS,Region 7,7,Harvey (County),20,79,99079
118,KS,Region 7,7,Reno (County),20,155,99155
119,CO,Region 8,8,Boulder (County),8,13,99013
120,OK,Region 6,6,Texas (County),40,139,99139
121,TX,Region 6,6,Wichita (County),48,485,99485
122,CA,Region 9,9,Santa Barbara (County),6,83,99083
123,SD,Region 8,8,Pennington (County),46,103,99103
124,CA,Region 9,9,Shasta (County),6,89,99089
125,CA,Region 9,9,Kern (County),6,29,99029
126,WA,Region 10,10,Yakima (County),53,77,99077
127,WA,Region 10,10,Chelan (County),53,7,99007
128,PR,Region 2,2,Isabela (Municipio),72,71,99071
129,PR,Region 2,2,Jayuya (Municipio),72,73,99073
130,WA,Region 10,10,Stevens (County),53,65,99065
131,OR,Region 10,10,Lake (County),41,37,99037
132,PR,Region 2,2,Juana Diaz (Municipio),72,75,99075
133,PR,Region 2,2,Juncos (Municipio),72,77,99077
134,ID,Region 10,10,Nez Perce Indian Reservation,16,0,57340
135,ID,Region 10,10,Nez Perce (County),16,69,99069
136,MT,Region 8,8,Rosebud (County),30,87,99087
137,PR,Region 2,2,Lajas (Municipio),72,79,99079
138,MT,Region 8,8,Crow Indian Reservation,30,0,18325
139,MT,Region 8,8,Big Horn (County),30,3,99003
140,NV,Region 9,9,Douglas (County),32,5,99005
141,PR,Region 2,2,Lares (Municipio),72,81,99081
142,PR,Region 2,2,Las Marias (Municipio),72,83,99083
143,WA,Region 10,10,Colville Indian Reservation,53,0,14240
144,OR,Region 10,10,Klamath (County),41,35,99035
145,MT,Region 8,8,Carbon (County),30,9,99009
146,AZ,Region 9,9,Gila (County),4,7,99007
147,AZ,Region 9,9,Pinal (County),4,21,99021
148,UT,Region 8,8,Garfield (County),49,17,99017
149,AZ,Region 9,9,Yavapai (County),4,25,99025
150,CA,Region 9,9,San Bernardino (County),6,71,99071
151,CO,Region 8,8,Grand (County),8,49,99049
152,PR,Region 2,2,Las Piedras (Municipio),72,85,99085
153,PR,Region 2,2,Loiza (Municipio),72,87,99087
154,PR,Region 2,2,Luquillo (Municipio),72,89,99089
155,WY,Region 8,8,Albany (County),56,1,99001
156,WY,Region 8,8,Carbon (County),56,7,99007
157,CA,Region 9,9,Los Angeles (County),6,37,99037
158,AL,Region 4,4,Coffee (County),1,31,99031
159,AL,Region 4,4,Colbert (County),1,33,99033
160,AL,Region 4,4,Conecuh (County),1,35,99035
161,AL,Region 4,4,Covington (County),1,39,99039
162,AL,Region 4,4,Crenshaw (County),1,41,99041
163,AL,Region 4,4,Cullman (County),1,43,99043
164,AL,Region 4,4,Dale (County),1,45,99045
165,AL,Region 4,4,Dekalb (County),1,49,99049
166,AL,Region 4,4,Elmore (County),1,51,99051
167,AL,Region 4,4,Escambia (County),1,53,99053
168,AL,Region 4,4,Fayette (County),1,57,99057
169,AL,Region 4,4,Franklin (County),1,59,99059
170,AL,Region 4,4,Geneva (County),1,61,99061
171,PR,Region 2,2,Manati (Municipio),72,91,99091
172,OR,Region 10,10,Yamhill (County),41,71,99071
173,OR,Region 10,10,Josephine (County),41,33,99033
174,OR,Region 10,10,Tillamook (County),41,57,99057
175,OR,Region 10,10,Jackson (County),41,29,99029
176,OR,Region 10,10,Douglas (County),41,19,99019
177,PR,Region 2,2,Maricao (Municipio),72,93,99093
178,PR,Region 2,2,Maunabo (Municipio),72,95,99095
179,PR,Region 2,2,Mayaguez (Municipio),72,97,99097
180,OR,Region 10,10,Lincoln (County),41,41,99041
181,PR,Region 2,2,Moca (Municipio),72,99,99099
182,WA,Region 10,10,Pierce (County),53,53,99053
183,WA,Region 10,10,Thurston (County),53,67,99067
184,OR,Region 10,10,Warm Springs Indian Reservation,41,0,78650
185,OR,Region 10,10,Linn (County),41,43,99043
186,OR,Region 10,10,Marion (County),41,47,99047
187,WA,Region 10,10,Whitman (County),53,75,99075
188,AL,Region 4,4,Henry (County),1,67,99067
189,AL,Region 4,4,Houston (County),1,69,99069
190,AL,Region 4,4,Jackson (County),1,71,99071
191,AL,Region 4,4,Lamar (County),1,75,99075
192,WA,Region 10,10,Douglas (County),53,17,99017
193,AL,Region 4,4,Lawrence (County),1,79,99079
194,AL,Region 4,4,Lee (County),1,81,99081
195,AL,Region 4,4,Lowndes (County),1,85,99085
196,AL,Region 4,4,Macon (County),1,87,99087
197,AL,Region 4,4,Marion (County),1,93,99093
198,PR,Region 2,2,Morovis (Municipio),72,101,99101
199,PR,Region 2,2,Naguabo (Municipio),72,103,99103
200,PR,Region 2,2,Naranjito (Municipio),72,105,99105
201,PR,Region 2,2,Orocovis (Municipio),72,107,99107
202,MT,Region 8,8,Gallatin (County),30,31,99031
203,AL,Region 4,4,Marshall (County),1,95,99095
204,AL,Region 4,4,Monroe (County),1,99,99099
205,PR,Region 2,2,Patillas (Municipio),72,109,99109
206,AZ,Region 9,9,San Carlos Indian Reservation,4,0,62980
207,PR,Region 2,2,Penuelas (Municipio),72,111,99111
208,PR,Region 2,2,Ponce (Municipio),72,113,99113
209,PR,Region 2,2,Quebradillas (Municipio),72,115,99115
210,CO,Region 8,8,Garfield (County),8,45,99045
211,CO,Region 8,8,Mesa (County),8,77,99077
212,CO,Region 8,8,Eagle (County),8,37,99037
213,PR,Region 2,2,Rincon (Municipio),72,117,99117
214,CA,Region 9,9,Nevada (County),6,57,99057
215,PR,Region 2,2,Rio Grande (Municipio),72,119,99119
216,PR,Region 2,2,Sabana Grande (Municipio),72,121,99121
217,PR,Region 2,2,Salinas (Municipio),72,123,99123
218,PR,Region 2,2,San German (Municipio),72,125,99125
219,PR,Region 2,2,San Juan (Municipio),72,127,99127
220,WA,Region 10,10,Yakama Reservation,53,0,79995
221,PR,Region 2,2,San Lorenzo (Municipio),72,129,99129
222,CA,Region 9,9,Morongo Indian Reservation,6,0,49334
223,MT,Region 8,8,Stillwater (County),30,95,99095
224,MT,Region 8,8,Yellowstone (County),30,111,99111
225,PR,Region 2,2,San Sebastian (Municipio),72,131,99131
226,PR,Region 2,2,Santa Isabel (Municipio),72,133,99133
227,UT,Region 8,8,Millard (County),49,27,99027
228,PR,Region 2,2,Toa Alta (Municipio),72,135,99135
229,PR,Region 2,2,Toa Baja (Municipio),72,137,99137
230,PR,Region 2,2,Trujillo Alto (Municipio),72,139,99139
231,FL,Region 4,4,Collier (County),12,21,99021
232,FL,Region 4,4,Walton (County),12,131,99131
233,FL,Region 4,4,Santa Rosa (County),12,113,99113
234,OK,Region 6,6,Beaver (County),40,7,99007
235,PR,Region 2,2,Utuado (Municipio),72,141,99141
236,CA,Region 9,9,Ventura (County),6,111,99111
237,CA,Region 9,9,Sonoma (County),6,97,99097
238,PR,Region 2,2,Vega Alta (Municipio),72,143,99143
239,UT,Region 8,8,Davis (County),49,11,99011
240,AK,Region 10,10,Matanuska-Susitna (Borough),2,170,99170
241,TX,Region 6,6,Hardeman (County),48,197,99197
242,AK,Region 10,10,Fairbanks North Star (Borough),2,90,99090
243,CA,Region 9,9,Butte (County),6,7,99007
244,UT,Region 8,8,Utah (County),49,49,99049
245,WY,Region 8,8,Sublette (County),56,35,99035
246,AL,Region 4,4,Perry (County),1,105,99105
247,AL,Region 4,4,Pike (County),1,109,99109
248,WA,Region 10,10,Ferry (County),53,19,99019
249,SD,Region 8,8,Fall River (County),46,47,99047
250,AL,Region 4,4,Russell (County),1,113,99113
251,UT,Region 8,8,Sanpete (County),49,39,99039
252,WA,Region 10,10,Lincoln (County),53,43,99043
253,AL,Region 4,4,St. Clair (County),1,115,99115
254,TX,Region 6,6,Burnet (County),48,53,99053
255,ID,Region 10,10,Clark (County),16,33,99033
256,CA,Region 9,9,Hopland Rancheria (Indian Reservation),6,0,34659
257,CA,Region 9,9,Lake (County),6,33,99033
258,CA,Region 9,9,Mendocino (County),6,45,99045
259,AL,Region 4,4,Walker (County),1,127,99127
260,CA,Region 9,9,Trinity (County),6,105,99105
261,TX,Region 6,6,Brown (County),48,49,99049
262,AL,Region 4,4,Winston (County),1,133,99133
263,PR,Region 2,2,Vega Baja (Municipio),72,145,99145
264,PR,Region 2,2,Vieques (Municipio),72,147,99147
265,PR,Region 2,2,Villalba (Municipio),72,149,99149
266,WA,Region 10,10,Kittitas (County),53,37,99037
267,CA,Region 9,9,San Diego (County),6,73,99073
268,UT,Region 8,8,Duchesne (County),49,13,99013
269,UT,Region 8,8,Wasatch (County),49,51,99051
270,CO,Region 8,8,Teller (County),8,119,99119
271,CO,Region 8,8,Costilla (County),8,23,99023
272,NC,Region 4,4,Swain (County),37,173,99173
273,CO,Region 8,8,Huerfano (County),8,55,99055
274,PR,Region 2,2,Yabucoa (Municipio),72,151,99151
275,PR,Region 2,2,Yauco (Municipio),72,153,99153
276,NV,Region 9,9,Lyon (County),32,19,99019
277,NM,Region 6,6,Otero (County),35,35,99035
278,TX,Region 6,6,Jeff Davis (County),48,243,99243
279,TX,Region 6,6,Gray (County),48,179,99179
280,TX,Region 6,6,Jones (County),48,253,99253
281,OK,Region 6,6,Dewey (County),40,43,99043
282,OK,Region 6,6,Pottawatomie (County),40,125,99125
283,SD,Region 8,8,Custer (County),46,33,99033
284,CA,Region 9,9,Napa (County),6,55,99055
285,CA,Region 9,9,Yuba (County),6,115,99115
286,CA,Region 9,9,Solano (County),6,95,99095
287,NE,Region 7,7,Arthur (County),31,5,99005
288,NE,Region 7,7,Dawson (County),31,47,99047
289,MT,Region 8,8,Blackfeet Indian Reservation,30,0,7225
290,MT,Region 8,8,Pondera (County),30,73,99073
291,MT,Region 8,8,Teton (County),30,99,99099
292,MT,Region 8,8,Lincoln (County),30,53,99053
293,MT,Region 8,8,Missoula (County),30,63,99063
294,MT,Region 8,8,Powell (County),30,77,99077
295,UT,Region 8,8,Weber (County),49,57,99057
296,CA,Region 9,9,Tulare (County),6,107,99107
297,NE,Region 7,7,Garden (County),31,69,99069
298,OR,Region 10,10,Hood River (County),41,27,99027
299,OR,Region 10,10,Multnomah (County),41,51,99051
300,NE,Region 7,7,Keith (County),31,101,99101
301,NE,Region 7,7,Lincoln (County),31,111,99111
302,NE,Region 7,7,Grant (County),31,75,99075
303,OR,Region 10,10,Curry (County),41,15,99015
304,MT,Region 8,8,Ravalli (County),30,81,99081
305,MT,Region 8,8,Garfield (County),30,33,99033
306,MT,Region 8,8,Petroleum (County),30,69,99069
307,NV,Region 9,9,Elko (County),32,7,99007
308,UT,Region 8,8,Iron (County),49,21,99021
309,NM,Region 6,6,Sandoval (County),35,43,99043
310,AZ,Region 9,9,Cochise (County),4,3,99003
311,GA,Region 4,4,Charlton (County),13,49,99049
312,GA,Region 4,4,Clinch (County),13,65,99065
313,GA,Region 4,4,Ware (County),13,299,99299
314,FL,Region 4,4,Polk (County),12,105,99105
315,FL,Region 4,4,Lee (County),12,71,99071
316,NE,Region 7,7,Morrill (County),31,123,99123
317,OK,Region 6,6,Harper (County),40,59,99059
318,OK,Region 6,6,Woods (County),40,151,99151
319,KS,Region 7,7,Comanche (County),20,33,99033
320,KS,Region 7,7,Rooks (County),20,163,99163
321,KS,Region 7,7,Ness (County),20,135,99135
322,KS,Region 7,7,Ford (County),20,57,99057
323,KS,Region 7,7,Ellsworth (County),20,53,99053
324,KS,Region 7,7,Lincoln (County),20,105,99105
325,KS,Region 7,7,Russell (County),20,167,99167
326,KS,Region 7,7,Clark (County),20,25,99025
327,NC,Region 4,4,Polk (County),37,149,99149
328,OK,Region 6,6,Wagoner (County),40,145,99145
329,KS,Region 7,7,Woodson (County),20,207,99207
330,TN,Region 4,4,Sevier (County),47,155,99155
331,KY,Region 4,4,Harlan (County),21,95,99095
332,KY,Region 4,4,Knox (County),21,121,99121
333,KY,Region 4,4,Letcher (County),21,133,99133
334,KY,Region 4,4,Pike (County),21,195,99195
335,TN,Region 4,4,Blount (County),47,9,99009
336,NC,Region 4,4,Burke (County),37,23,99023
337,GA,Region 4,4,Dade (County),13,83,99083
338,NC,Region 4,4,Transylvania (County),37,175,99175
339,HI,Region 9,9,Honolulu (County),15,3,99003
340,WA,Region 10,10,Cowlitz Reservation,53,0,15354
341,TX,Region 6,6,Bosque (County),48,35,99035
342,TN,Region 4,4,Bledsoe (County),47,7,99007
343,TN,Region 4,4,Hamilton (County),47,65,99065
344,TN,Region 4,4,Sequatchie (County),47,153,99153
345,KY,Region 4,4,Breathitt (County),21,25,99025
346,CO,Region 8,8,Custer (County),8,27,99027
347,CO,Region 8,8,Pueblo (County),8,101,99101
348,ID,Region 10,10,Bonneville (County),16,19,99019
349,GA,Region 4,4,Baldwin (County),13,9,99009
350,GA,Region 4,4,Banks (County),13,11,99011
351,CA,Region 9,9,San Luis Obispo (County),6,79,99079
352,GA,Region 4,4,Barrow (County),13,13,99013
353,GA,Region 4,4,Bartow (County),13,15,99015
354,WA,Region 10,10,Benton (County),53,5,99005
355,CA,Region 9,9,Fresno (County),6,19,99019
356,WY,Region 8,8,Uinta (County),56,41,99041
357,GA,Region 4,4,Bibb (County),13,21,99021
358,WY,Region 8,8,Fremont (County),56,13,99013
359,GA,Region 4,4,Bleckley (County),13,23,99023
360,CO,Region 8,8,Statewide,8,0,0
361,UT,Region 8,8,Washington (County),49,53,99053
362,GA,Region 4,4,Bulloch (County),13,31,99031
363,NM,Region 6,6,Bernalillo (County),35,1,99001
364,GA,Region 4,4,Burke (County),13,33,99033
365,NH,Region 1,1,Cheshire (County),33,5,99005
366,KS,Region 7,7,Wabaunsee (County),20,197,99197
367,KS,Region 7,7,Barber (County),20,7,99007
368,OK,Region 6,6,Pawnee (County),40,117,99117
369,OK,Region 6,6,Creek (County),40,37,99037
370,OK,Region 6,6,Nowata (County),40,105,99105
371,OK,Region 6,6,Washington (County),40,147,99147
372,TX,Region 6,6,Bastrop (County),48,21,99021
373,WY,Region 8,8,Natrona (County),56,25,99025
374,GA,Region 4,4,Butts (County),13,35,99035
375,GA,Region 4,4,Candler (County),13,43,99043
376,GA,Region 4,4,Carroll (County),13,45,99045
377,CA,Region 9,9,Amador (County),6,5,99005
378,CA,Region 9,9,Calaveras (County),6,9,99009
379,ID,Region 10,10,Idaho (County),16,49,99049
380,WA,Region 10,10,Skagit (County),53,57,99057
381,WA,Region 10,10,Whatcom (County),53,73,99073
382,OR,Region 10,10,Wallowa (County),41,63,99063
383,ID,Region 10,10,Clearwater (County),16,35,99035
384,ID,Region 10,10,Lewis (County),16,61,99061
385,AZ,Region 9,9,Mohave (County),4,15,99015
386,GA,Region 4,4,Catoosa (County),13,47,99047
387,GA,Region 4,4,Chattahoochee (County),13,53,99053
388,WA,Region 10,10,Walla Walla (County),53,71,99071
389,ID,Region 10,10,Bonner (County),16,17,99017
390,ID,Region 10,10,Kootenai (County),16,55,99055
391,AK,Region 10,10,Kenai Peninsula (Borough),2,122,99122
392,CA,Region 9,9,Madera (County),6,39,99039
393,CA,Region 9,9,Modoc (County),6,49,99049
394,CA,Region 9,9,Lassen (County),6,35,99035
395,UT,Region 8,8,Tooele (County),49,45,99045
396,CA,Region 9,9,Tuolumne (County),6,109,99109
397,ID,Region 10,10,Camas (County),16,25,99025
398,UT,Region 8,8,Summit (County),49,43,99043
399,ID,Region 10,10,Elmore (County),16,39,99039
400,MT,Region 8,8,Mineral (County),30,61,99061
401,NV,Region 9,9,Clark (County),32,3,99003
402,CO,Region 8,8,Mineral (County),8,79,99079
403,CO,Region 8,8,Rio Grande (County),8,105,99105
404,CO,Region 8,8,Fremont (County),8,43,99043
405,CO,Region 8,8,El Paso (County),8,41,99041
406,CA,Region 9,9,Campo Indian Reservation,6,0,10522
407,ID,Region 10,10,Boise (County),16,15,99015
408,SD,Region 8,8,Oglala Lakota (County),46,113,99113
409,NE,Region 7,7,Dawes (County),31,45,99045
410,NE,Region 7,7,Sheridan (County),31,161,99161
411,NE,Region 7,7,Sioux (County),31,165,99165
412,MT,Region 8,8,Jefferson (County),30,43,99043
413,CA,Region 9,9,Tehama (County),6,103,99103
414,OK,Region 6,6,Payne (County),40,119,99119
415,GA,Region 4,4,Chattooga (County),13,55,99055
416,GA,Region 4,4,Cherokee (County),13,57,99057
417,GA,Region 4,4,Clarke (County),13,59,99059
418,GA,Region 4,4,Clayton (County),13,63,99063
419,GA,Region 4,4,Cobb (County),13,67,99067
420,GA,Region 4,4,Columbia (County),13,73,99073
421,GA,Region 4,4,Coweta (County),13,77,99077
422,GA,Region 4,4,Crawford (County),13,79,99079
423,GA,Region 4,4,Dawson (County),13,85,99085
424,GA,Region 4,4,Dekalb (County),13,89,99089
425,GA,Region 4,4,Dodge (County),13,91,99091
426,GA,Region 4,4,Dooly (County),13,93,99093
427,GA,Region 4,4,Douglas (County),13,97,99097
428,GA,Region 4,4,Elbert (County),13,105,99105
429,GA,Region 4,4,Emanuel (County),13,107,99107
430,GA,Region 4,4,Evans (County),13,109,99109
431,GA,Region 4,4,Fannin (County),13,111,99111
432,GA,Region 4,4,Fayette (County),13,113,99113
433,GA,Region 4,4,Floyd (County),13,115,99115
434,GA,Region 4,4,Forsyth (County),13,117,99117
435,GA,Region 4,4,Franklin (County),13,119,99119
436,GA,Region 4,4,Fulton (County),13,121,99121
437,GA,Region 4,4,Gilmer (County),13,123,99123
438,GA,Region 4,4,Glascock (County),13,125,99125
439,GA,Region 4,4,Gordon (County),13,129,99129
440,GA,Region 4,4,Greene (County),13,133,99133
441,GA,Region 4,4,Gwinnett (County),13,135,99135
442,GA,Region 4,4,Habersham (County),13,137,99137
443,GA,Region 4,4,Hall (County),13,139,99139
444,GA,Region 4,4,Hancock (County),13,141,99141
445,GA,Region 4,4,Haralson (County),13,143,99143
446,GA,Region 4,4,Harris (County),13,145,99145
447,GA,Region 4,4,Hart (County),13,147,99147
448,GA,Region 4,4,Heard (County),13,149,99149
449,GA,Region 4,4,Henry (County),13,151,99151
450,GA,Region 4,4,Houston (County),13,153,99153
451,GA,Region 4,4,Jackson (County),13,157,99157
452,GA,Region 4,4,Jasper (County),13,159,99159
453,GA,Region 4,4,Jefferson (County),13,163,99163
454,WV,Region 3,3,Boone (County),54,5,99005
455,GA,Region 4,4,Jenkins (County),13,165,99165
456,WV,Region 3,3,Raleigh (County),54,81,99081
457,GA,Region 4,4,Johnson (County),13,167,99167
458,GA,Region 4,4,Jones (County),13,169,99169
459,GA,Region 4,4,Lamar (County),13,171,99171
460,GA,Region 4,4,Laurens (County),13,175,99175
461,GA,Region 4,4,Lincoln (County),13,181,99181
462,GA,Region 4,4,Lumpkin (County),13,187,99187
463,GA,Region 4,4,Mcduffie (County),13,189,99189
464,GA,Region 4,4,Macon (County),13,193,99193
465,GA,Region 4,4,Madison (County),13,195,99195
466,GA,Region 4,4,Marion (County),13,197,99197
467,GA,Region 4,4,Meriwether (County),13,199,99199
468,GA,Region 4,4,Monroe (County),13,207,99207
469,GA,Region 4,4,Montgomery (County),13,209,99209
470,GA,Region 4,4,Morgan (County),13,211,99211
471,GA,Region 4,4,Murray (County),13,213,99213
472,GA,Region 4,4,Muscogee (County),13,215,99215
473,GA,Region 4,4,Newton (County),13,217,99217
474,GA,Region 4,4,Oconee (County),13,219,99219
475,GA,Region 4,4,Oglethorpe (County),13,221,99221
476,GA,Region 4,4,Paulding (County),13,223,99223
477,TX,Region 6,6,San Jacinto (County),48,407,99407
478,TX,Region 6,6,Gillespie (County),48,171,99171
479,GA,Region 4,4,Peach (County),13,225,99225
480,GA,Region 4,4,Pickens (County),13,227,99227
481,GA,Region 4,4,Pike (County),13,231,99231
482,GA,Region 4,4,Polk (County),13,233,99233
483,GA,Region 4,4,Pulaski (County),13,235,99235
484,GA,Region 4,4,Putnam (County),13,237,99237
485,GA,Region 4,4,Rabun (County),13,241,99241
486,GA,Region 4,4,Richmond (County),13,245,99245
487,GA,Region 4,4,Rockdale (County),13,247,99247
488,GA,Region 4,4,Schley (County),13,249,99249
489,GA,Region 4,4,Screven (County),13,251,99251
490,GA,Region 4,4,Spalding (County),13,255,99255
491,GA,Region 4,4,Stephens (County),13,257,99257
492,GA,Region 4,4,Stewart (County),13,259,99259
493,GA,Region 4,4,Sumter (County),13,261,99261
494,GA,Region 4,4,Talbot (County),13,263,99263
495,GA,Region 4,4,Taliaferro (County),13,265,99265
496,GA,Region 4,4,Tattnall (County),13,267,99267
497,GA,Region 4,4,Taylor (County),13,269,99269
498,GA,Region 4,4,Telfair (County),13,271,99271
499,GA,Region 4,4,Toombs (County),13,279,99279
500,GA,Region 4,4,Towns (County),13,281,99281
501,GA,Region 4,4,Treutlen (County),13,283,99283
502,GA,Region 4,4,Troup (County),13,285,99285
503,GA,Region 4,4,Twiggs (County),13,289,99289
504,GA,Region 4,4,Union (County),13,291,99291
505,GA,Region 4,4,Upson (County),13,293,99293
506,GA,Region 4,4,Walker (County),13,295,99295
507,GA,Region 4,4,Walton (County),13,297,99297
508,GA,Region 4,4,Warren (County),13,301,99301
509,GA,Region 4,4,Washington (County),13,303,99303
510,GA,Region 4,4,Webster (County),13,307,99307
511,GA,Region 4,4,Wheeler (County),13,309,99309
512,GA,Region 4,4,White (County),13,311,99311
513,GA,Region 4,4,Whitfield (County),13,313,99313
514,GA,Region 4,4,Wilcox (County),13,315,99315
515,GA,Region 4,4,Wilkes (County),13,317,99317
516,GA,Region 4,4,Wilkinson (County),13,319,99319
517,FL,Region 4,4,Alachua (County),12,1,99001
518,FL,Region 4,4,Baker (County),12,3,99003
519,FL,Region 4,4,Bradford (County),12,7,99007
520,FL,Region 4,4,Charlotte (County),12,15,99015
521,FL,Region 4,4,Citrus (County),12,17,99017
522,FL,Region 4,4,Clay (County),12,19,99019
523,FL,Region 4,4,Columbia (County),12,23,99023
524,FL,Region 4,4,Desoto (County),12,27,99027
525,FL,Region 4,4,Dixie (County),12,29,99029
526,FL,Region 4,4,Duval (County),12,31,99031
527,FL,Region 4,4,Franklin (County),12,37,99037
528,FL,Region 4,4,Gilchrist (County),12,41,99041
529,FL,Region 4,4,Hamilton (County),12,47,99047
530,FL,Region 4,4,Hardee (County),12,49,99049
531,FL,Region 4,4,Hernando (County),12,53,99053
532,FL,Region 4,4,Hillsborough (County),12,57,99057
533,FL,Region 4,4,Jefferson (County),12,65,99065
534,FL,Region 4,4,Lafayette (County),12,67,99067
535,FL,Region 4,4,Lake (County),12,69,99069
536,FL,Region 4,4,Levy (County),12,75,99075
537,FL,Region 4,4,Madison (County),12,79,99079
538,FL,Region 4,4,Manatee (County),12,81,99081
539,FL,Region 4,4,Marion (County),12,83,99083
540,FL,Region 4,4,Miami-Dade (County),12,86,99086
541,FL,Region 4,4,Monroe (County),12,87,99087
542,FL,Region 4,4,Nassau (County),12,89,99089
543,FL,Region 4,4,Pasco (County),12,101,99101
544,FL,Region 4,4,Pinellas (County),12,103,99103
545,FL,Region 4,4,Putnam (County),12,107,99107
546,FL,Region 4,4,Sarasota (County),12,115,99115
547,FL,Region 4,4,Sumter (County),12,119,99119
548,FL,Region 4,4,Suwannee (County),12,121,99121
549,FL,Region 4,4,Taylor (County),12,123,99123
550,FL,Region 4,4,Union (County),12,125,99125
551,FL,Region 4,4,Wakulla (County),12,129,99129
552,OK,Region 6,6,Chickasaw (Otsa),40,0,13925
553,GA,Region 4,4,Baker (County),13,7,99007
554,GA,Region 4,4,Decatur (County),13,87,99087
555,TX,Region 6,6,Anderson (County),48,1,99001
556,TX,Region 6,6,Angelina (County),48,5,99005
557,TX,Region 6,6,Aransas (County),48,7,99007
558,TX,Region 6,6,Brazos (County),48,41,99041
559,TX,Region 6,6,Burleson (County),48,51,99051
560,TX,Region 6,6,Calhoun (County),48,57,99057
561,TX,Region 6,6,Cameron (County),48,61,99061
562,TX,Region 6,6,Camp (County),48,63,99063
563,TX,Region 6,6,Cass (County),48,67,99067
564,TX,Region 6,6,Cherokee (County),48,73,99073
565,TX,Region 6,6,Colorado (County),48,89,99089
566,TX,Region 6,6,Dewitt (County),48,123,99123
567,TX,Region 6,6,Fayette (County),48,149,99149
568,TX,Region 6,6,Freestone (County),48,161,99161
569,TX,Region 6,6,Goliad (County),48,175,99175
570,TX,Region 6,6,Gregg (County),48,183,99183
571,TX,Region 6,6,Grimes (County),48,185,99185
572,TX,Region 6,6,Hardin (County),48,199,99199
573,TX,Region 6,6,Harrison (County),48,203,99203
574,TX,Region 6,6,Hidalgo (County),48,215,99215
575,TX,Region 6,6,Houston (County),48,225,99225
576,TX,Region 6,6,Kenedy (County),48,261,99261
577,TX,Region 6,6,Kleberg (County),48,273,99273
578,TX,Region 6,6,Lavaca (County),48,285,99285
579,TX,Region 6,6,Lee (County),48,287,99287
580,TX,Region 6,6,Leon (County),48,289,99289
581,TX,Region 6,6,Madison (County),48,313,99313
582,TX,Region 6,6,Marion (County),48,315,99315
583,TX,Region 6,6,Milam (County),48,331,99331
584,TX,Region 6,6,Morris (County),48,343,99343
585,TX,Region 6,6,Newton (County),48,351,99351
586,TX,Region 6,6,Nueces (County),48,355,99355
587,TX,Region 6,6,Panola (County),48,365,99365
588,TX,Region 6,6,Refugio (County),48,391,99391
589,TX,Region 6,6,Robertson (County),48,395,99395
590,TX,Region 6,6,Rusk (County),48,401,99401
591,TX,Region 6,6,Sabine (County),48,403,99403
592,TX,Region 6,6,San Augustine (County),48,405,99405
593,TX,Region 6,6,San Patricio (County),48,409,99409
594,TX,Region 6,6,Tyler (County),48,457,99457
595,TX,Region 6,6,Upshur (County),48,459,99459
596,TX,Region 6,6,Victoria (County),48,469,99469
597,TX,Region 6,6,Washington (County),48,477,99477
598,TX,Region 6,6,Webb (County),48,479,99479
599,TX,Region 6,6,Willacy (County),48,489,99489
600,TX,Region 6,6,Austin (County),48,15,99015
601,TX,Region 6,6,Bowie (County),48,37,99037
602,TX,Region 6,6,Brazoria (County),48,39,99039
603,TX,Region 6,6,Chambers (County),48,71,99071
604,TX,Region 6,6,Fort Bend (County),48,157,99157
605,TX,Region 6,6,Galveston (County),48,167,99167
606,TX,Region 6,6,Harris (County),48,201,99201
607,TX,Region 6,6,Jackson (County),48,239,99239
608,TX,Region 6,6,Jasper (County),48,241,99241
609,TX,Region 6,6,Jefferson (County),48,245,99245
610,TX,Region 6,6,Liberty (County),48,291,99291
611,TX,Region 6,6,Matagorda (County),48,321,99321
612,TX,Region 6,6,Montgomery (County),48,339,99339
613,TX,Region 6,6,Nacogdoches (County),48,347,99347
614,TX,Region 6,6,Orange (County),48,361,99361
615,TX,Region 6,6,Polk (County),48,373,99373
616,TX,Region 6,6,Shelby (County),48,419,99419
617,TX,Region 6,6,Trinity (County),48,455,99455
618,TX,Region 6,6,Walker (County),48,471,99471
619,TX,Region 6,6,Waller (County),48,473,99473
620,TX,Region 6,6,Wharton (County),48,481,99481
621,GA,Region 4,4,Jeff Davis (County),13,161,99161
622,NM,Region 6,6,Pueblo Of Picuris,35,0,56880
623,NM,Region 6,6,Isleta Pueblo (Indian Reservation),35,0,34690
624,NM,Region 6,6,Zuni Pueblo (Indian Reservation),35,0,86585
625,NM,Region 6,6,Mescalero Tribe,35,0,47990
626,NM,Region 6,6,Rio Arriba (County),35,39,99039
627,NM,Region 6,6,San Juan (County),35,45,99045
628,TX,Region 6,6,Randall (County),48,381,99381
629,MP,Region 9,9,Northern Mariana Islands (County-Equivalent),69,10,99010
630,MP,Region 9,9,Northern Islands (Municipality),69,85,99085
631,MP,Region 9,9,Rota (Municipality),69,100,99100
632,MP,Region 9,9,Saipan (Municipality),69,110,99110
633,MP,Region 9,9,Tinian (Municipality),69,120,99120
634,GU,Region 9,9,Guam (County-Equivalent),66,10,99010
635,MT,Region 8,8,Custer (County),30,17,99017
636,MT,Region 8,8,Powder River (County),30,75,99075
637,MT,Region 8,8,Musselshell (County),30,65,99065
638,TX,Region 6,6,Potter (County),48,375,99375
639,CO,Region 8,8,Adams (County),8,1,99001
640,CO,Region 8,8,Baca (County),8,9,99009
641,CO,Region 8,8,Denver (County),8,31,99031
642,CO,Region 8,8,Elbert (County),8,39,99039
643,CO,Region 8,8,Logan (County),8,75,99075
644,CO,Region 8,8,Morgan (County),8,87,99087
645,CO,Region 8,8,Park (County),8,93,99093
646,CO,Region 8,8,Saguache (County),8,109,99109
647,CO,Region 8,8,Sedgwick (County),8,115,99115
648,CO,Region 8,8,Washington (County),8,121,99121
649,CO,Region 8,8,Yuma (County),8,125,99125
650,NE,Region 7,7,Banner (County),31,7,99007
651,NE,Region 7,7,Cheyenne (County),31,33,99033
652,NE,Region 7,7,Kimball (County),31,105,99105
653,NE,Region 7,7,Scotts Bluff (County),31,157,99157
654,ME,Region 1,1,Cumberland (County),23,5,99005
655,ME,Region 1,1,"York (County)(In Msa 6400,6450)",23,31,99031
656,GA,Region 4,4,Brantley (County),13,25,99025
657,GA,Region 4,4,Echols (County),13,101,99101
658,KY,Region 4,4,Adair (County),21,1,99001
659,KY,Region 4,4,Allen (County),21,3,99003
660,KY,Region 4,4,Anderson (County),21,5,99005
661,KY,Region 4,4,Ballard (County),21,7,99007
662,KY,Region 4,4,Barren (County),21,9,99009
663,KY,Region 4,4,Bath (County),21,11,99011
664,KY,Region 4,4,Bell (County),21,13,99013
665,KY,Region 4,4,Boone (County),21,15,99015
666,KY,Region 4,4,Bourbon (County),21,17,99017
667,KY,Region 4,4,Boyd (County),21,19,99019
668,KY,Region 4,4,Boyle (County),21,21,99021
669,KY,Region 4,4,Bracken (County),21,23,99023
670,KY,Region 4,4,Breckinridge (County),21,27,99027
671,KY,Region 4,4,Bullitt (County),21,29,99029
672,KY,Region 4,4,Butler (County),21,31,99031
673,KY,Region 4,4,Caldwell (County),21,33,99033
674,KY,Region 4,4,Calloway (County),21,35,99035
675,KY,Region 4,4,Campbell (County),21,37,99037
676,KY,Region 4,4,Carlisle (County),21,39,99039
677,KY,Region 4,4,Carroll (County),21,41,99041
678,KY,Region 4,4,Carter (County),21,43,99043
679,KY,Region 4,4,Casey (County),21,45,99045
680,KY,Region 4,4,Christian (County),21,47,99047
681,KY,Region 4,4,Clark (County),21,49,99049
682,KY,Region 4,4,Clay (County),21,51,99051
683,KY,Region 4,4,Clinton (County),21,53,99053
684,KY,Region 4,4,Crittenden (County),21,55,99055
685,KY,Region 4,4,Cumberland (County),21,57,99057
686,KY,Region 4,4,Daviess (County),21,59,99059
687,KY,Region 4,4,Edmonson (County),21,61,99061
688,KY,Region 4,4,Elliott (County),21,63,99063
689,KY,Region 4,4,Estill (County),21,65,99065
690,KY,Region 4,4,Fayette (County),21,67,99067
691,KY,Region 4,4,Fleming (County),21,69,99069
692,KY,Region 4,4,Floyd (County),21,71,99071
693,KY,Region 4,4,Franklin (County),21,73,99073
694,KY,Region 4,4,Fulton (County),21,75,99075
695,KY,Region 4,4,Gallatin (County),21,77,99077
696,KY,Region 4,4,Garrard (County),21,79,99079
697,KY,Region 4,4,Grant (County),21,81,99081
698,KY,Region 4,4,Graves (County),21,83,99083
699,KY,Region 4,4,Grayson (County),21,85,99085
700,KY,Region 4,4,Green (County),21,87,99087
701,KY,Region 4,4,Greenup (County),21,89,99089
702,KY,Region 4,4,Hancock (County),21,91,99091
703,KY,Region 4,4,Hardin (County),21,93,99093
704,TX,Region 6,6,Bailey (County),48,17,99017
705,TX,Region 6,6,Baylor (County),48,23,99023
706,TX,Region 6,6,Blanco (County),48,31,99031
707,TX,Region 6,6,Caldwell (County),48,55,99055
708,TX,Region 6,6,Clay (County),48,77,99077
709,KY,Region 4,4,Harrison (County),21,97,99097
710,KY,Region 4,4,Hart (County),21,99,99099
711,KY,Region 4,4,Henderson (County),21,101,99101
712,KY,Region 4,4,Henry (County),21,103,99103
713,TX,Region 6,6,Cochran (County),48,79,99079
714,TX,Region 6,6,Coke (County),48,81,99081
715,TX,Region 6,6,Coleman (County),48,83,99083
716,TX,Region 6,6,Concho (County),48,95,99095
717,TX,Region 6,6,Delta (County),48,119,99119
718,TX,Region 6,6,Fannin (County),48,147,99147
719,TX,Region 6,6,Gonzales (County),48,177,99177
720,TX,Region 6,6,Hamilton (County),48,193,99193
721,TX,Region 6,6,Hays (County),48,209,99209
722,TX,Region 6,6,Hill (County),48,217,99217
723,TX,Region 6,6,Hopkins (County),48,223,99223
724,TX,Region 6,6,Lampasas (County),48,281,99281
725,TX,Region 6,6,Limestone (County),48,293,99293
726,TX,Region 6,6,Lynn (County),48,305,99305
727,TX,Region 6,6,Mcculloch (County),48,307,99307
728,TX,Region 6,6,Mills (County),48,333,99333
729,TX,Region 6,6,Rains (County),48,379,99379
730,TX,Region 6,6,Red River (County),48,387,99387
731,TX,Region 6,6,Rockwall (County),48,397,99397
732,TX,Region 6,6,San Saba (County),48,411,99411
733,TX,Region 6,6,Sterling (County),48,431,99431
734,TX,Region 6,6,Titus (County),48,449,99449
735,TX,Region 6,6,Bell (County),48,27,99027
736,TX,Region 6,6,Collin (County),48,85,99085
737,TX,Region 6,6,Cooke (County),48,97,99097
738,TX,Region 6,6,Coryell (County),48,99,99099
739,TX,Region 6,6,Dallas (County),48,113,99113
740,TX,Region 6,6,Denton (County),48,121,99121
741,TX,Region 6,6,Ellis (County),48,139,99139
742,TX,Region 6,6,Falls (County),48,145,99145
743,TX,Region 6,6,Guadalupe (County),48,187,99187
744,TX,Region 6,6,Henderson (County),48,213,99213
745,TX,Region 6,6,Hockley (County),48,219,99219
746,TX,Region 6,6,Kaufman (County),48,257,99257
747,TX,Region 6,6,Lamar (County),48,277,99277
748,TX,Region 6,6,Montague (County),48,337,99337
749,TX,Region 6,6,Navarro (County),48,349,99349
750,TX,Region 6,6,Smith (County),48,423,99423
751,TX,Region 6,6,Terrell (County),48,443,99443
752,TX,Region 6,6,Van Zandt (County),48,467,99467
753,KY,Region 4,4,Hickman (County),21,105,99105
754,KY,Region 4,4,Hopkins (County),21,107,99107
755,IA,Region 7,7,Crawford (County),19,47,99047
756,IA,Region 7,7,Mills (County),19,129,99129
757,IA,Region 7,7,Polk (County),19,153,99153
758,IA,Region 7,7,Clarke (County),19,39,99039
759,IA,Region 7,7,Harrison (County),19,85,99085
760,IA,Region 7,7,Pottawattamie (County),19,155,99155
761,IA,Region 7,7,Ringgold (County),19,159,99159
762,IA,Region 7,7,Shelby (County),19,165,99165
763,IA,Region 7,7,Union (County),19,175,99175
764,NE,Region 7,7,Boone (County),31,11,99011
765,NE,Region 7,7,Greeley (County),31,77,99077
766,NE,Region 7,7,Howard (County),31,93,99093
767,NE,Region 7,7,Sherman (County),31,163,99163
768,NE,Region 7,7,Douglas (County),31,55,99055
769,NE,Region 7,7,Washington (County),31,177,99177
770,OH,Region 5,5,Auglaize (County),39,11,99011
771,KY,Region 4,4,Jackson (County),21,109,99109
772,OH,Region 5,5,Crawford (County),39,33,99033
773,OH,Region 5,5,Darke (County),39,37,99037
774,OH,Region 5,5,Delaware (County),39,41,99041
775,OH,Region 5,5,Hancock (County),39,63,99063
776,OH,Region 5,5,Licking (County),39,89,99089
777,OH,Region 5,5,Logan (County),39,91,99091
778,OH,Region 5,5,Mercer (County),39,107,99107
779,OH,Region 5,5,Miami (County),39,109,99109
780,OH,Region 5,5,Richland (County),39,139,99139
781,OH,Region 5,5,Union (County),39,159,99159
782,KY,Region 4,4,Jefferson (County),21,111,99111
783,KY,Region 4,4,Jessamine (County),21,113,99113
784,KY,Region 4,4,Johnson (County),21,115,99115
785,KY,Region 4,4,Kenton (County),21,117,99117
786,KY,Region 4,4,Knott (County),21,119,99119
787,KY,Region 4,4,Larue (County),21,123,99123
788,KY,Region 4,4,Laurel (County),21,125,99125
789,KY,Region 4,4,Lawrence (County),21,127,99127
790,KY,Region 4,4,Lee (County),21,129,99129
791,KY,Region 4,4,Leslie (County),21,131,99131
792,KY,Region 4,4,Lewis (County),21,135,99135
793,KY,Region 4,4,Lincoln (County),21,137,99137
794,KY,Region 4,4,Livingston (County),21,139,99139
795,KY,Region 4,4,Logan (County),21,141,99141
796,KY,Region 4,4,Lyon (County),21,143,99143
797,KY,Region 4,4,Mccracken (County),21,145,99145
798,KY,Region 4,4,Mccreary (County),21,147,99147
799,KY,Region 4,4,Mclean (County),21,149,99149
800,KY,Region 4,4,Madison (County),21,151,99151
801,KY,Region 4,4,Magoffin (County),21,153,99153
802,KY,Region 4,4,Marion (County),21,155,99155
803,KY,Region 4,4,Marshall (County),21,157,99157
804,KY,Region 4,4,Martin (County),21,159,99159
805,KY,Region 4,4,Mason (County),21,161,99161
806,KY,Region 4,4,Meade (County),21,163,99163
807,KY,Region 4,4,Menifee (County),21,165,99165
808,KY,Region 4,4,Mercer (County),21,167,99167
809,WA,Region 10,10,Clallam (County),53,9,99009
810,WA,Region 10,10,Cowlitz (County),53,15,99015
811,WA,Region 10,10,Grays Harbor (County),53,27,99027
812,WA,Region 10,10,Island (County),53,29,99029
813,WA,Region 10,10,Jefferson (County),53,31,99031
814,WA,Region 10,10,Lewis (County),53,41,99041
815,WA,Region 10,10,Pacific (County),53,49,99049
816,WA,Region 10,10,Wahkiakum (County),53,69,99069
817,KS,Region 7,7,Butler (County),20,15,99015
818,KS,Region 7,7,Chase (County),20,17,99017
819,KS,Region 7,7,Cloud (County),20,29,99029
820,KS,Region 7,7,Edwards (County),20,47,99047
821,KS,Region 7,7,Geary (County),20,61,99061
822,KS,Region 7,7,Gray (County),20,69,99069
823,KS,Region 7,7,Hodgeman (County),20,83,99083
824,KS,Region 7,7,Marion (County),20,115,99115
825,KS,Region 7,7,Morris (County),20,127,99127
826,KS,Region 7,7,Osage (County),20,139,99139
827,KS,Region 7,7,Ottawa (County),20,143,99143
828,KS,Region 7,7,Pawnee (County),20,145,99145
829,KS,Region 7,7,Shawnee (County),20,177,99177
830,KS,Region 7,7,Stafford (County),20,185,99185
831,KS,Region 7,7,Trego (County),20,195,99195
832,CA,Region 9,9,Hoopa Valley Indian Reservation,6,0,34554
833,KY,Region 4,4,Metcalfe (County),21,169,99169
834,KY,Region 4,4,Monroe (County),21,171,99171
835,KY,Region 4,4,Montgomery (County),21,173,99173
836,VT,Region 1,1,Chittenden (County),50,7,99007
837,VT,Region 1,1,Essex (County),50,9,99009
838,VT,Region 1,1,Franklin (County),50,11,99011
839,VT,Region 1,1,Lamoille (County),50,15,99015
840,KY,Region 4,4,Morgan (County),21,175,99175
841,KY,Region 4,4,Muhlenberg (County),21,177,99177
842,KY,Region 4,4,Nelson (County),21,179,99179
843,KY,Region 4,4,Nicholas (County),21,181,99181
844,VT,Region 1,1,Orleans (County),50,19,99019
845,KY,Region 4,4,Ohio (County),21,183,99183
846,KY,Region 4,4,Oldham (County),21,185,99185
847,KY,Region 4,4,Owen (County),21,187,99187
848,KY,Region 4,4,Owsley (County),21,189,99189
849,KY,Region 4,4,Pendleton (County),21,191,99191
850,KY,Region 4,4,Perry (County),21,193,99193
851,KY,Region 4,4,Powell (County),21,197,99197
852,KY,Region 4,4,Pulaski (County),21,199,99199
853,OR,Region 10,10,Siletz Indian Reservation,41,0,67525
854,KY,Region 4,4,Robertson (County),21,201,99201
855,KY,Region 4,4,Rockcastle (County),21,203,99203
856,OR,Region 10,10,Benton (County),41,3,99003
857,OR,Region 10,10,Coos (County),41,11,99011
858,OR,Region 10,10,Sherman (County),41,55,99055
859,KY,Region 4,4,Rowan (County),21,205,99205
860,KY,Region 4,4,Russell (County),21,207,99207
861,KY,Region 4,4,Scott (County),21,209,99209
862,RI,Region 1,1,"Newport (County)(In Pmsa 2480,6480)",44,5,99005
863,RI,Region 1,1,"Providence (County)(In Pmsa 6060,6480)",44,7,99007
864,RI,Region 1,1,Kent (County),44,3,99003
865,KY,Region 4,4,Shelby (County),21,211,99211
866,KY,Region 4,4,Simpson (County),21,213,99213
867,KY,Region 4,4,Spencer (County),21,215,99215
868,KY,Region 4,4,Taylor (County),21,217,99217
869,KY,Region 4,4,Todd (County),21,219,99219
870,KY,Region 4,4,Trigg (County),21,221,99221
871,KY,Region 4,4,Trimble (County),21,223,99223
872,KY,Region 4,4,Union (County),21,225,99225
873,KY,Region 4,4,Warren (County),21,227,99227
874,KY,Region 4,4,Washington (County),21,229,99229
875,KY,Region 4,4,Wayne (County),21,231,99231
876,KY,Region 4,4,Webster (County),21,233,99233
877,KY,Region 4,4,Whitley (County),21,235,99235
878,KY,Region 4,4,Wolfe (County),21,237,99237
879,KY,Region 4,4,Woodford (County),21,239,99239
880,ND,Region 8,8,Barnes (County),38,3,99003
881,ND,Region 8,8,Cass (County),38,17,99017
882,ND,Region 8,8,Dickey (County),38,21,99021
883,ND,Region 8,8,Grant (County),38,37,99037
884,ND,Region 8,8,Lamoure (County),38,45,99045
885,ND,Region 8,8,Logan (County),38,47,99047
886,ND,Region 8,8,Mcintosh (County),38,51,99051
887,ND,Region 8,8,Ransom (County),38,73,99073
888,ND,Region 8,8,Richland (County),38,77,99077
889,ND,Region 8,8,Sargent (County),38,81,99081
890,ND,Region 8,8,Steele (County),38,91,99091
891,ND,Region 8,8,Stutsman (County),38,93,99093
892,ND,Region 8,8,Traill (County),38,97,99097
893,WY,Region 8,8,Park (County),56,29,99029
894,WY,Region 8,8,Washakie (County),56,43,99043
895,OR,Region 10,10,Clatsop (County),41,7,99007
896,WA,Region 10,10,Samish (Tdsa),53,0,61040
897,UT,Region 8,8,Morgan (County),49,29,99029
898,AL,Region 4,4,Jefferson (County),1,73,99073
899,AK,Region 10,10,Kipnuk (Anv/Anvsa),2,0,39745
900,DE,Region 3,3,Kent (County),10,1,99001
901,DE,Region 3,3,Sussex (County),10,5,99005
902,MT,Region 8,8,Daniels (County),30,19,99019
903,MT,Region 8,8,Fergus (County),30,27,99027
904,MT,Region 8,8,Golden Valley (County),30,37,99037
905,MT,Region 8,8,Phillips (County),30,71,99071
906,MT,Region 8,8,Treasure (County),30,103,99103
907,MT,Region 8,8,Fort Peck Indian Reservation,30,0,28525
908,VA,Region 3,3,Bland (County),51,21,99021
909,VA,Region 3,3,Buchanan (County),51,27,99027
910,VA,Region 3,3,Carroll (County),51,35,99035
911,VA,Region 3,3,Craig (County),51,45,99045
912,VA,Region 3,3,Dickenson (County),51,51,99051
913,VA,Region 3,3,Floyd (County),51,63,99063
914,VA,Region 3,3,Franklin (County),51,67,99067
915,VA,Region 3,3,Grayson (County),51,77,99077
916,VA,Region 3,3,Lee (County),51,105,99105
917,VA,Region 3,3,Pulaski (County),51,155,99155
918,TN,Region 4,4,Fayette (County),47,47,99047
919,TN,Region 4,4,Henry (County),47,79,99079
920,TN,Region 4,4,Shelby (County),47,157,99157
921,TN,Region 4,4,Tipton (County),47,167,99167
922,VA,Region 3,3,Russell (County),51,167,99167
923,VA,Region 3,3,Scott (County),51,169,99169
924,VA,Region 3,3,Smyth (County),51,173,99173
925,VA,Region 3,3,Tazewell (County),51,185,99185
926,VA,Region 3,3,Washington (County),51,191,99191
927,VA,Region 3,3,Wise (County),51,195,99195
928,VA,Region 3,3,Bristol,51,520,9816
929,TX,Region 6,6,Bexar (County),48,29,99029
930,IA,Region 7,7,Allamakee (County),19,5,99005
931,IA,Region 7,7,Clayton (County),19,43,99043
932,IA,Region 7,7,Des Moines (County),19,57,99057
933,IA,Region 7,7,Dubuque (County),19,61,99061
934,IA,Region 7,7,Jackson (County),19,97,99097
935,IA,Region 7,7,Lee (County),19,111,99111
936,IA,Region 7,7,Scott (County),19,163,99163
937,NY,Region 2,2,Orange (County),36,71,99071
938,OK,Region 6,6,Choctaw,40,0,14205
939,AK,Region 10,10,Iditarod Area Regional Educational Attendance Area,2,50,34665
940,AK,Region 10,10,Bering Strait Regional Educational Attendance Area,2,180,6362
941,AK,Region 10,10,Lower Kuskokwim Regional Educational Attendance Area,2,50,45540
942,AK,Region 10,10,Yupiit Regional Educational Attendance Area,2,50,86720
943,AK,Region 10,10,Kusilvak Census Area,2,158,99158
944,AK,Region 10,10,Kuspuk Regional Educational Attendance Area,2,50,42240
945,AK,Region 10,10,Lower Yukon Regional Educational Attendance Area,2,50,45690
946,AK,Region 10,10,Copper River Regional Educational Attendance Area,2,240,17365
947,AK,Region 10,10,Yukon Flats Regional Educational Attendance Area,2,240,86640
948,NC,Region 4,4,Bladen (County),37,17,99017
949,NC,Region 4,4,Beaufort (County),37,13,99013
950,NC,Region 4,4,Bertie (County),37,15,99015
951,NC,Region 4,4,Brunswick (County),37,19,99019
952,NC,Region 4,4,Camden (County),37,29,99029
953,NC,Region 4,4,Carteret (County),37,31,99031
954,NC,Region 4,4,Chowan (County),37,41,99041
955,NC,Region 4,4,Columbus (County),37,47,99047
956,NC,Region 4,4,Craven (County),37,49,99049
957,NC,Region 4,4,Currituck (County),37,53,99053
958,NC,Region 4,4,Dare (County),37,55,99055
959,NC,Region 4,4,Duplin (County),37,61,99061
960,NC,Region 4,4,Edgecombe (County),37,65,99065
961,NC,Region 4,4,Gates (County),37,73,99073
962,NC,Region 4,4,Greene (County),37,79,99079
963,NC,Region 4,4,Halifax (County),37,83,99083
964,NC,Region 4,4,Hertford (County),37,91,99091
965,MT,Region 8,8,Blaine (County),30,5,99005
966,MT,Region 8,8,Hill (County),30,41,99041
967,MT,Region 8,8,Park (County),30,67,99067
968,MT,Region 8,8,Roosevelt (County),30,85,99085
969,MT,Region 8,8,Sheridan (County),30,91,99091
970,MT,Region 8,8,Valley (County),30,105,99105
971,NJ,Region 2,2,Warren (County),34,41,99041
972,NC,Region 4,4,Hyde (County),37,95,99095
973,NC,Region 4,4,Johnston (County),37,101,99101
974,NC,Region 4,4,Jones (County),37,103,99103
975,NC,Region 4,4,Lenoir (County),37,107,99107
976,NC,Region 4,4,Martin (County),37,117,99117
977,NC,Region 4,4,Nash (County),37,127,99127
978,NC,Region 4,4,New Hanover (County),37,129,99129
979,NC,Region 4,4,Northampton (County),37,131,99131
980,NC,Region 4,4,Onslow (County),37,133,99133
981,NC,Region 4,4,Pamlico (County),37,137,99137
982,NC,Region 4,4,Pasquotank (County),37,139,99139
983,NC,Region 4,4,Pender (County),37,141,99141
984,NC,Region 4,4,Perquimans (County),37,143,99143
985,NC,Region 4,4,Pitt (County),37,147,99147
986,NC,Region 4,4,Sampson (County),37,163,99163
987,NC,Region 4,4,Tyrrell (County),37,177,99177
988,NC,Region 4,4,Vance (County),37,181,99181
989,NC,Region 4,4,Warren (County),37,185,99185
990,NC,Region 4,4,Washington (County),37,187,99187
991,NC,Region 4,4,Wayne (County),37,191,99191
992,NC,Region 4,4,Wilson (County),37,195,99195
993,FL,Region 4,4,Highlands (County),12,55,99055
994,FL,Region 4,4,Osceola (County),12,97,99097
995,FL,Region 4,4,Brevard (County),12,9,99009
996,FL,Region 4,4,Broward (County),12,11,99011
997,FL,Region 4,4,Glades (County),12,43,99043
998,FL,Region 4,4,Hendry (County),12,51,99051
999,ME,Region 1,1,Franklin (County),23,7,99007
1000,ME,Region 1,1,Kennebec (County),23,11,99011
